date,interest,value,Positive,Neutral,Negative
2018-01-14,0.63,0.8791133333333334,0.5,0.375,0.125
2018-01-15,0.5928571428571429,0.8589966666666666,0.6666666666666666,0.08333333333333333,0.25
2018-01-16,0.5557142857142857,0.75961,0.5625,0.375,0.0625
2018-01-17,0.5185714285714286,0.6875933333333333,0.25,0.75,0.0
2018-01-18,0.4814285714285714,0.6688766666666667,0.3333333333333333,0.5,0.16666666666666666
2018-01-19,0.4442857142857143,0.6554766666666666,0.8333333333333334,0.16666666666666666,0.0
2018-01-20,0.40714285714285714,0.7027000000000001,0.38461538461538464,0.46153846153846156,0.15384615384615385
2018-01-21,0.37,0.7285733333333334,0.3,0.7,0.0
2018-01-22,0.37571428571428567,0.6667933333333332,0.2857142857142857,0.7142857142857143,0.0
2018-01-23,0.38142857142857145,0.6556533333333333,0.5454545454545454,0.36363636363636365,0.09090909090909091
2018-01-24,0.3871428571428572,0.67363,0.2777777777777778,0.5,0.2222222222222222
2018-01-25,0.39285714285714285,0.6803000000000001,0.625,0.25,0.125
2018-01-26,0.3985714285714285,0.6882866666666667,0.375,0.5,0.125
2018-01-27,0.4042857142857143,0.7279566666666666,0.5,0.3333333333333333,0.16666666666666666
2018-01-28,0.41,0.7886933333333334,0.5714285714285714,0.42857142857142855,0.0
2018-01-29,0.40142857142857147,0.8029366666666669,0.21428571428571427,0.7142857142857143,0.07142857142857142
2018-01-30,0.39285714285714285,0.7335200000000002,0.6666666666666666,0.3333333333333333,0.0
2018-01-31,0.3842857142857143,0.7104566666666666,0.5,0.375,0.125
2018-02-01,0.37571428571428567,0.7273166666666666,0.7777777777777778,0.1111111111111111,0.1111111111111111
2018-02-02,0.36714285714285716,0.6427866666666666,0.0,0.8,0.2
2018-02-03,0.3585714285714286,0.6098566666666667,0.45454545454545453,0.36363636363636365,0.18181818181818182
2018-02-04,0.35,0.58108,0.7,0.19999999999999998,0.09999999999999999
2018-02-05,0.3342857142857143,0.51052,0.4,0.4,0.2
2018-02-06,0.31857142857142856,0.48639000000000004,0.5333333333333333,0.3333333333333333,0.13333333333333333
2018-02-07,0.3028571428571428,0.5110766666666666,0.5454545454545454,0.45454545454545453,0.0
2018-02-08,0.28714285714285714,0.5260166666666667,0.6666666666666666,0.16666666666666666,0.16666666666666666
2018-02-09,0.2714285714285714,0.6480333333333334,0.625,0.25,0.125
2018-02-10,0.25571428571428567,0.6636866666666668,1.0,0.0,0.0
2018-02-11,0.24,0.5564666666666667,0.3333333333333333,0.6666666666666666,0.0
2018-02-12,0.23571428571428574,0.56475,0.4166666666666667,0.25,0.3333333333333333
2018-02-13,0.23142857142857143,0.57542,0.375,0.5,0.125
2018-02-14,0.22714285714285715,0.5966033333333333,0.625,0.125,0.25
2018-02-15,0.22285714285714284,0.6189766666666665,0.5714285714285714,0.35714285714285715,0.07142857142857142
2018-02-16,0.21857142857142858,0.6368233333333333,0.5714285714285714,0.2857142857142857,0.14285714285714285
2018-02-17,0.2142857142857143,0.65007,0.8333333333333334,0.16666666666666666,0.0
2018-02-18,0.21,0.6120833333333333,0.3333333333333333,0.6666666666666666,0.0
2018-02-19,0.20428571428571426,0.6201166666666666,0.8888888888888888,0.0,0.1111111111111111
2018-02-20,0.19857142857142857,0.61025,0.6,0.4,0.0
2018-02-21,0.19285714285714284,0.5774833333333332,0.4444444444444444,0.5555555555555556,0.0
2018-02-22,0.18714285714285717,0.5474933333333334,0.6,0.3,0.09999999999999999
2018-02-23,0.1814285714285714,0.5498066666666667,0.6666666666666666,0.3333333333333333,0.0
2018-02-24,0.17571428571428574,0.56427,0.6666666666666666,0.0,0.3333333333333333
2018-02-25,0.17,0.5675399999999999,0.25,0.625,0.125
2018-02-26,0.17142857142857143,0.57434,0.6,0.4,0.0
2018-02-27,0.17285714285714285,0.5739533333333333,0.7647058823529411,0.23529411764705882,0.0
2018-02-28,0.17428571428571427,0.5688599999999999,0.36363636363636365,0.5454545454545454,0.09090909090909091
2018-03-01,0.17571428571428574,0.5697566666666667,0.6363636363636364,0.36363636363636365,0.0
2018-03-02,0.17714285714285716,0.5719433333333334,0.8181818181818182,0.09090909090909091,0.09090909090909091
2018-03-03,0.17857142857142858,0.5724299999999999,0.375,0.5,0.125
2018-03-04,0.18,0.5764266666666668,0.5882352941176471,0.29411764705882354,0.11764705882352941
2018-03-05,0.17714285714285716,0.5693166666666666,0.7058823529411765,0.23529411764705882,0.058823529411764705
2018-03-06,0.17428571428571427,0.55202,0.6,0.4,0.0
2018-03-07,0.17142857142857143,0.5371466666666667,0.5833333333333334,0.4166666666666667,0.0
2018-03-08,0.16857142857142857,0.5084666666666667,0.7272727272727273,0.18181818181818182,0.09090909090909091
2018-03-09,0.16571428571428573,0.48946000000000006,0.75,0.15,0.1
2018-03-10,0.16285714285714284,0.48029666666666665,0.6,0.4,0.0
2018-03-11,0.16,0.48815000000000003,0.75,0.25,0.0
2018-03-12,0.16,0.4908666666666666,0.55,0.4,0.05
2018-03-13,0.16,0.4744233333333333,0.3157894736842105,0.5263157894736842,0.15789473684210525
2018-03-14,0.16,0.4414466666666667,0.3333333333333333,0.5555555555555556,0.1111111111111111
2018-03-15,0.16,0.40445666666666663,0.5,0.4,0.1
2018-03-16,0.16,0.39613333333333334,0.9285714285714286,0.0,0.07142857142857142
2018-03-17,0.16,0.3836366666666666,0.2222222222222222,0.6666666666666666,0.1111111111111111
2018-03-18,0.16,0.3605133333333333,0.3888888888888889,0.5,0.1111111111111111
2018-03-19,0.16285714285714284,0.36097333333333337,0.6451612903225806,0.25806451612903225,0.0967741935483871
2018-03-20,0.16571428571428573,0.36802666666666667,0.5555555555555556,0.4444444444444444,0.0
2018-03-21,0.16857142857142857,0.3675233333333333,0.29411764705882354,0.29411764705882354,0.4117647058823529
2018-03-22,0.17142857142857143,0.3620666666666667,0.4375,0.4375,0.125
2018-03-23,0.17428571428571427,0.3546366666666666,0.5333333333333333,0.4,0.06666666666666667
2018-03-24,0.17714285714285716,0.35324,0.6666666666666666,0.3333333333333333,0.0
2018-03-25,0.18,0.35119000000000006,0.7058823529411765,0.17647058823529413,0.11764705882352941
2018-03-26,0.17428571428571427,0.3167466666666667,0.6,0.4,0.0
2018-03-27,0.16857142857142857,0.28958666666666666,0.4761904761904761,0.4285714285714285,0.09523809523809522
2018-03-28,0.16285714285714284,0.29689000000000004,0.6521739130434783,0.21739130434782608,0.13043478260869565
2018-03-29,0.15714285714285714,0.27558666666666665,0.6666666666666666,0.2857142857142857,0.047619047619047616
2018-03-30,0.1514285714285714,0.2603866666666667,0.46153846153846156,0.46153846153846156,0.07692307692307693
2018-03-31,0.1457142857142857,0.2639033333333333,0.47058823529411764,0.47058823529411764,0.058823529411764705
2018-04-01,0.14,0.25621,0.5384615384615384,0.423076923076923,0.038461538461538464
2018-04-02,0.13857142857142857,0.2514733333333334,0.4210526315789473,0.4736842105263157,0.10526315789473682
2018-04-03,0.13714285714285712,0.26114333333333334,0.4166666666666667,0.5833333333333334,0.0
2018-04-04,0.1357142857142857,0.25815333333333335,0.8,0.0,0.2
2018-04-05,0.13428571428571429,0.24973,0.4117647058823529,0.4117647058823529,0.17647058823529413
2018-04-06,0.13285714285714287,0.24974666666666667,0.5714285714285714,0.2857142857142857,0.14285714285714285
2018-04-07,0.13142857142857142,0.2518433333333333,0.631578947368421,0.3157894736842105,0.05263157894736842
2018-04-08,0.13,0.2623633333333333,0.6521739130434783,0.30434782608695654,0.043478260869565216
2018-04-09,0.13,0.26499333333333336,0.65,0.3,0.05
2018-04-10,0.13,0.26949666666666666,0.5,0.45833333333333326,0.041666666666666664
2018-04-11,0.13,0.2820933333333333,0.45454545454545453,0.45454545454545453,0.09090909090909091
2018-04-12,0.13,0.30762,0.5833333333333334,0.25,0.16666666666666666
2018-04-13,0.13,0.32937,0.2857142857142857,0.5714285714285714,0.14285714285714285
2018-04-14,0.13,0.33346,0.3333333333333333,0.44444444444444436,0.22222222222222218
2018-04-15,0.13,0.34515666666666667,0.25,0.75,0.0
2018-04-16,0.13142857142857142,0.34685,0.5789473684210527,0.3157894736842105,0.10526315789473684
2018-04-17,0.13285714285714287,0.33733,0.4375,0.375,0.1875
2018-04-18,0.13428571428571429,0.34393,0.5,0.4,0.1
2018-04-19,0.1357142857142857,0.36610666666666675,0.47058823529411764,0.4117647058823529,0.11764705882352941
2018-04-20,0.13714285714285712,0.3947166666666667,0.6111111111111112,0.2222222222222222,0.16666666666666666
2018-04-21,0.13857142857142857,0.40458333333333335,0.5384615384615384,0.23076923076923078,0.23076923076923078
2018-04-22,0.14,0.4055666666666667,0.6666666666666666,0.3333333333333333,0.0
2018-04-23,0.14142857142857143,0.4193833333333334,0.7222222222222222,0.2222222222222222,0.05555555555555555
2018-04-24,0.14285714285714288,0.45035666666666674,0.625,0.20833333333333334,0.16666666666666666
2018-04-25,0.1442857142857143,0.44106666666666666,0.5,0.2727272727272727,0.22727272727272727
2018-04-26,0.1457142857142857,0.4227866666666667,0.5384615384615384,0.38461538461538464,0.07692307692307693
2018-04-27,0.14714285714285713,0.43588333333333334,0.6,0.3333333333333333,0.06666666666666667
2018-04-28,0.14857142857142858,0.44719333333333333,0.36363636363636365,0.45454545454545453,0.18181818181818182
2018-04-29,0.15,0.4640033333333333,0.38461538461538464,0.5384615384615384,0.07692307692307693
2018-04-30,0.1514285714285714,0.4549333333333334,0.38461538461538464,0.3076923076923077,0.3076923076923077
2018-05-01,0.15285714285714286,0.44317666666666666,0.5555555555555556,0.3888888888888889,0.05555555555555555
2018-05-02,0.15428571428571428,0.4553733333333333,0.38461538461538464,0.46153846153846156,0.15384615384615385
2018-05-03,0.15571428571428572,0.48680999999999996,0.6111111111111112,0.2777777777777778,0.1111111111111111
2018-05-04,0.15714285714285714,0.5174,0.5,0.4375,0.0625
2018-05-05,0.15857142857142859,0.5364866666666667,0.4444444444444444,0.4444444444444444,0.1111111111111111
2018-05-06,0.16,0.5424466666666666,0.4,0.5,0.1
2018-05-07,0.15285714285714286,0.5217733333333333,0.5384615384615384,0.3076923076923077,0.15384615384615385
2018-05-08,0.1457142857142857,0.5055300000000001,0.6666666666666666,0.3333333333333333,0.0
2018-05-09,0.13857142857142857,0.49664333333333327,0.45454545454545453,0.45454545454545453,0.09090909090909091
2018-05-10,0.13142857142857142,0.48507666666666666,0.7777777777777778,0.2222222222222222,0.0
2018-05-11,0.12428571428571429,0.4666133333333334,0.8235294117647058,0.11764705882352941,0.058823529411764705
2018-05-12,0.11714285714285716,0.45083,0.36363636363636365,0.5454545454545454,0.09090909090909091
2018-05-13,0.11,0.46203999999999995,1.0,0.0,0.0
2018-05-14,0.11,0.48160666666666674,0.5833333333333334,0.4166666666666667,0.0
2018-05-15,0.11,0.4793066666666667,0.6,0.4,0.0
2018-05-16,0.11,0.46641666666666665,0.7272727272727273,0.2727272727272727,0.0
2018-05-17,0.11,0.4538766666666667,0.4,0.6,0.0
2018-05-18,0.11,0.4539533333333333,0.5,0.3,0.2
2018-05-19,0.11,0.4626433333333333,0.5833333333333334,0.4166666666666667,0.0
2018-05-20,0.11,0.4731133333333334,0.8333333333333334,0.16666666666666666,0.0
2018-05-21,0.11,0.4737666666666668,0.4,0.4,0.2
2018-05-22,0.11,0.4516566666666666,0.6428571428571429,0.2857142857142857,0.07142857142857142
2018-05-23,0.11,0.40601666666666675,0.4444444444444444,0.5555555555555556,0.0
2018-05-24,0.11,0.3874433333333333,0.375,0.625,0.0
2018-05-25,0.11,0.39187000000000005,0.6,0.4,0.0
2018-05-26,0.11,0.37581333333333333,0.5,0.5,0.0
2018-05-27,0.11,0.3717166666666667,0.5,0.25,0.25
2018-05-28,0.10857142857142858,0.35974,0.625,0.375,0.0
2018-05-29,0.10714285714285714,0.35738000000000003,0.8,0.2,0.0
2018-05-30,0.1057142857142857,0.37130333333333326,0.7,0.3,0.0
2018-05-31,0.10428571428571429,0.3739733333333334,0.44444444444444436,0.3333333333333333,0.22222222222222218
2018-06-01,0.10285714285714287,0.38489333333333337,0.5714285714285714,0.2857142857142857,0.14285714285714285
2018-06-02,0.10142857142857142,0.3903733333333333,0.375,0.375,0.25
2018-06-03,0.1,0.39633,0.1111111111111111,0.8888888888888888,0.0
2018-06-04,0.10142857142857142,0.39558,0.6,0.4,0.0
2018-06-05,0.10285714285714287,0.3891333333333334,0.6923076923076923,0.3076923076923077,0.0
2018-06-06,0.10428571428571429,0.3958766666666667,0.6,0.4,0.0
2018-06-07,0.1057142857142857,0.39677999999999997,0.4285714285714285,0.2857142857142857,0.2857142857142857
2018-06-08,0.10714285714285714,0.3928033333333333,0.625,0.375,0.0
2018-06-09,0.10857142857142858,0.39778,1.0,0.0,0.0
2018-06-10,0.11,0.37217,0.42857142857142855,0.5714285714285714,0.0
2018-06-11,0.10714285714285714,0.35141333333333336,0.4444444444444444,0.4444444444444444,0.1111111111111111
2018-06-12,0.10428571428571429,0.33503,0.8,0.2,0.0
2018-06-13,0.10142857142857142,0.31593,0.6666666666666666,0.3333333333333333,0.0
2018-06-14,0.09857142857142857,0.32881333333333335,0.5294117647058824,0.23529411764705882,0.23529411764705882
2018-06-15,0.09571428571428571,0.33643,0.8571428571428571,0.0,0.14285714285714285
2018-06-16,0.09285714285714286,0.3243766666666667,0.75,0.25,0.0
2018-06-17,0.09,0.32287666666666665,0.7142857142857143,0.2857142857142857,0.0
2018-06-18,0.09,0.33402666666666664,0.5,0.25,0.25
2018-06-19,0.09,0.33402666666666664,0.5454545454545454,0.2727272727272727,0.18181818181818182
2018-06-20,0.09,0.33402666666666664,0.5384615384615384,0.46153846153846156,0.0
2018-06-21,0.09,0.33402666666666664,0.6666666666666666,0.3333333333333333,0.0
2018-06-22,0.09,0.33402666666666664,0.7777777777777778,0.1111111111111111,0.1111111111111111
2018-06-23,0.09,0.31590666666666667,0.6666666666666666,0.3333333333333333,0.0
2018-06-24,0.09,0.31144333333333335,0.6666666666666666,0.3333333333333333,0.0
2018-06-25,0.09,0.3030366666666667,0.6363636363636364,0.36363636363636365,0.0
2018-06-26,0.09,0.29398,0.5,0.5,0.0
2018-06-27,0.09,0.29186333333333325,0.4,0.6,0.0
2018-06-28,0.09,0.28915,0.75,0.25,0.0
2018-06-29,0.09,0.28762666666666664,0.7777777777777778,0.1111111111111111,0.1111111111111111
2018-06-30,0.09,0.29477666666666663,0.25,0.5,0.25
2018-07-01,0.09,0.3036066666666666,0.3333333333333333,0.6666666666666666,0.0
2018-07-02,0.08857142857142858,0.30983333333333335,0.5,0.375,0.125
2018-07-03,0.08714285714285713,0.32731000000000005,0.4,0.4,0.2
2018-07-04,0.08571428571428572,0.3179166666666667,0.75,0.25,0.0
2018-07-05,0.08428571428571428,0.32253,0.8,0.2,0.0
2018-07-06,0.08285714285714287,0.3185,0.0,1.0,0.0
2018-07-07,0.08142857142857142,0.3268066666666667,0.0,0.5,0.5
2018-07-08,0.08,0.33715333333333336,0.2222222222222222,0.3333333333333333,0.4444444444444444
2018-07-09,0.08142857142857142,0.3369466666666666,0.6363636363636364,0.2727272727272727,0.09090909090909091
2018-07-10,0.08285714285714287,0.31262,0.5,0.125,0.375
2018-07-11,0.08428571428571428,0.28924333333333335,0.4,0.4,0.2
2018-07-12,0.08571428571428572,0.28913666666666665,0.4,0.6,0.0
2018-07-13,0.08714285714285713,0.2894066666666667,0.4,0.6,0.0
2018-07-14,0.08857142857142858,0.28479666666666664,1.0,0.0,0.0
2018-07-15,0.09,0.28721,1.0,0.0,0.0
2018-07-16,0.09,0.30841,0.5,0.25,0.25
2018-07-17,0.09,0.32614000000000004,0.4444444444444444,0.5555555555555556,0.0
2018-07-18,0.09,0.32312,0.6,0.2,0.2
2018-07-19,0.09,0.30952666666666667,1.0,0.0,0.0
2018-07-20,0.09,0.3030966666666667,0.75,0.0,0.25
2018-07-21,0.09,0.30133666666666664,0.0,0.0,1.0
2018-07-22,0.09,0.30384666666666665,1.0,0.0,0.0
2018-07-23,0.09,0.2988133333333334,0.8571428571428571,0.14285714285714285,0.0
2018-07-24,0.09,0.30661,0.3333333333333333,0.6666666666666666,0.0
2018-07-25,0.09,0.31758333333333333,0.6875,0.25,0.0625
2018-07-26,0.09,0.31106666666666666,0.0,1.0,0.0
2018-07-27,0.09,0.30555,0.6666666666666666,0.3333333333333333,0.0
2018-07-28,0.09,0.3082266666666667,0.5,0.5,0.0
2018-07-29,0.09,0.30865333333333334,0.5,0.5,0.0
2018-07-30,0.09142857142857143,0.30684,0.2,0.6,0.2
2018-07-31,0.09285714285714286,0.29473,0.4444444444444444,0.5555555555555556,0.0
2018-08-01,0.09428571428571429,0.28097000000000005,0.6363636363636364,0.2727272727272727,0.09090909090909091
2018-08-02,0.09571428571428571,0.27451666666666663,0.5,0.5,0.0
2018-08-03,0.09714285714285714,0.27566666666666667,0.7142857142857143,0.14285714285714285,0.14285714285714285
2018-08-04,0.09857142857142857,0.2762233333333334,0.75,0.25,0.0
2018-08-05,0.1,0.2743833333333334,1.0,0.0,0.0
2018-08-06,0.10428571428571429,0.27158,0.75,0.25,0.0
2018-08-07,0.10857142857142858,0.25901,0.8,0.2,0.0
2018-08-08,0.11285714285714285,0.24228000000000002,0.5,0.375,0.125
2018-08-09,0.11714285714285713,0.23955333333333337,0.25,0.5,0.25
2018-08-10,0.12142857142857143,0.23438666666666666,0.42857142857142855,0.42857142857142855,0.14285714285714285
2018-08-11,0.12571428571428572,0.22189000000000003,0.5714285714285714,0.2857142857142857,0.14285714285714285
2018-08-12,0.13,0.21298333333333336,1.0,0.0,0.0
2018-08-13,0.12428571428571429,0.20238,0.75,0.25,0.0
2018-08-14,0.11857142857142858,0.1910133333333333,0.375,0.5,0.125
2018-08-15,0.11285714285714286,0.19166666666666668,0.6666666666666666,0.3333333333333333,0.0
2018-08-16,0.10714285714285715,0.19951333333333332,0.5,0.5,0.0
2018-08-17,0.10142857142857142,0.20612,0.5714285714285714,0.42857142857142855,0.0
2018-08-18,0.09571428571428571,0.20249,0.4,0.2,0.4
2018-08-19,0.09,0.20391666666666666,1.0,0.0,0.0
2018-08-20,0.08857142857142858,0.19649666666666668,0.42857142857142855,0.42857142857142855,0.14285714285714285
2018-08-21,0.08714285714285713,0.18551666666666666,0.2857142857142857,0.5714285714285714,0.14285714285714285
2018-08-22,0.08571428571428572,,0.5,0.5,0.0
2018-08-23,0.08428571428571428,0.19087333333333334,0.0,1.0,0.0
2018-08-24,0.08285714285714287,0.19912333333333335,0.25,0.75,0.0
2018-08-25,0.08142857142857142,0.19227333333333332,0.0,1.0,0.0
2018-08-26,0.08,0.18609,0.0,1.0,0.0
2018-08-27,0.08428571428571428,0.18534,0.6,0.4,0.0
2018-08-28,0.08857142857142858,0.19160666666666665,0.4444444444444444,0.4444444444444444,0.1111111111111111
2018-08-29,0.09285714285714285,0.19405333333333336,0.25,0.75,0.0
2018-08-30,0.09714285714285714,0.19084666666666666,0.2857142857142857,0.7142857142857143,0.0
2018-08-31,0.10142857142857142,0.19011666666666663,0.5,0.375,0.125
2018-09-01,0.1057142857142857,0.19485666666666665,0.5714285714285714,0.42857142857142855,0.0
2018-09-02,0.11,0.19787000000000002,0.3333333333333333,0.6666666666666666,0.0
2018-09-03,0.11142857142857142,0.19492333333333334,0.3333333333333333,0.5,0.16666666666666666
2018-09-04,0.11285714285714286,0.19108,0.5,0.5,0.0
2018-09-05,0.11428571428571428,0.17121333333333333,0.3333333333333333,0.3333333333333333,0.3333333333333333
2018-09-06,0.11571428571428571,0.15632333333333334,0.8,0.2,0.0
2018-09-07,0.11714285714285713,0.15052333333333334,0.2857142857142857,0.4285714285714285,0.2857142857142857
2018-09-08,0.11857142857142858,0.13894,0.5,0.5,0.0
2018-09-09,0.12,0.13096,0.5,0.5,0.0
2018-09-10,0.11571428571428571,0.1303,0.5454545454545454,0.2727272727272727,0.18181818181818182
2018-09-11,0.11142857142857142,0.12691333333333335,0.3333333333333333,0.6666666666666666,0.0
2018-09-12,0.10714285714285715,0.12287333333333333,0.6666666666666666,0.16666666666666666,0.16666666666666666
2018-09-13,0.10285714285714287,0.13190333333333334,0.5,0.5,0.0
2018-09-14,0.09857142857142857,0.14136666666666667,0.5,0.25,0.25
2018-09-15,0.09428571428571429,0.14380666666666667,0.5,0.0,0.5
2018-09-16,0.09,0.14783333333333332,0.5,0.5,0.0
2018-09-17,0.08857142857142858,0.13943666666666668,0.75,0.25,0.0
2018-09-18,0.08714285714285713,0.13566,0.5,0.5,0.0
2018-09-19,0.08571428571428572,0.13989,0.5,0.0,0.5
2018-09-20,0.08428571428571428,0.14567999999999998,0.3333333333333333,0.3333333333333333,0.3333333333333333
2018-09-21,0.08285714285714287,0.15738,0.4444444444444444,0.2222222222222222,0.3333333333333333
2018-09-22,0.08142857142857142,0.16240666666666667,1.0,0.0,0.0
2018-09-23,0.08,0.16072666666666666,,,
2018-09-24,0.07714285714285714,0.1567633333333333,0.5,0.5,0.0
2018-09-25,0.07428571428571429,0.1499233333333333,0.6666666666666666,0.16666666666666666,0.16666666666666666
2018-09-26,0.07142857142857144,0.14578,0.3333333333333333,0.6666666666666666,0.0
2018-09-27,0.06857142857142857,0.14848666666666668,0.875,0.0,0.125
2018-09-28,0.06571428571428571,0.14914666666666668,0.5,0.5,0.0
2018-09-29,0.06285714285714286,0.14934666666666668,0.6666666666666666,0.3333333333333333,0.0
2018-09-30,0.06,0.1536066666666667,1.0,0.0,0.0
2018-10-01,0.06142857142857143,0.15335333333333334,0.7777777777777778,0.1111111111111111,0.1111111111111111
2018-10-02,0.06285714285714286,0.15210666666666664,0.2857142857142857,0.7142857142857143,0.0
2018-10-03,0.0642857142857143,0.14859333333333333,0.8,0.2,0.0
2018-10-04,0.06571428571428571,0.1469733333333333,0.5,0.5,0.0
2018-10-05,0.06714285714285714,0.14986,0.5,0.25,0.25
2018-10-06,0.06857142857142856,0.15115333333333333,0.25,0.5,0.25
2018-10-07,0.07,0.14974,0.8571428571428571,0.14285714285714285,0.0
2018-10-08,0.07,0.15075666666666665,0.4,0.6,0.0
2018-10-09,0.07,0.15103333333333335,0.3333333333333333,0.3333333333333333,0.3333333333333333
2018-10-10,0.07,0.14983,0.8,0.2,0.0
2018-10-11,0.07,0.13722333333333334,0.5,0.5,0.0
2018-10-12,0.07,0.12743000000000002,1.0,0.0,0.0
2018-10-13,0.07,0.13062,0.6666666666666666,0.0,0.3333333333333333
2018-10-14,0.07,0.12993000000000002,0.5,0.5,0.0
2018-10-15,0.06857142857142856,0.13437666666666667,0.5714285714285714,0.2857142857142857,0.14285714285714285
2018-10-16,0.06714285714285714,0.13951666666666665,1.0,0.0,0.0
2018-10-17,0.06571428571428571,0.1383366666666667,0.5,0.25,0.25
2018-10-18,0.0642857142857143,0.13484333333333332,0.25,0.75,0.0
2018-10-19,0.06285714285714286,0.1348,0.6666666666666666,0.3333333333333333,0.0
2018-10-20,0.06142857142857143,0.13681333333333337,0.6,0.2,0.2
2018-10-21,0.06,0.13475,1.0,0.0,0.0
2018-10-22,0.06,0.13501,1.0,0.0,0.0
2018-10-23,0.06,0.13694333333333333,0.4,0.4,0.2
2018-10-24,0.06,0.13626,0.4,0.4,0.2
2018-10-25,0.06,0.13526,0.6666666666666666,0.0,0.3333333333333333
2018-10-26,0.06,0.13521,0.75,0.0,0.25
2018-10-27,0.06,0.13559666666666664,0.0,1.0,0.0
2018-10-28,0.06,0.13526999999999997,1.0,0.0,0.0
2018-10-29,0.06142857142857143,0.13348000000000002,0.0,0.75,0.25
2018-10-30,0.06285714285714286,0.13109666666666667,0.2,0.4,0.4
2018-10-31,0.0642857142857143,0.1311,0.6666666666666666,0.0,0.3333333333333333
2018-11-01,0.06571428571428571,0.13256,,,
2018-11-02,0.06714285714285714,0.13296999999999998,0.4,0.4,0.2
2018-11-03,0.06857142857142856,0.12954666666666664,0.0,1.0,0.0
2018-11-04,0.07,0.13004,0.25,0.25,0.5
2018-11-05,0.07,0.13577333333333333,0.25,0.5,0.25
2018-11-06,0.07,0.14134666666666668,0.75,0.25,0.0
2018-11-07,0.07,0.14651333333333333,0.0,1.0,0.0
2018-11-08,0.07,0.14468666666666666,1.0,0.0,0.0
2018-11-09,0.07,0.14077,1.0,0.0,0.0
2018-11-10,0.07,0.14183333333333334,0.25,0.75,0.0
2018-11-11,0.07,0.14211333333333334,0.5,0.3333333333333333,0.16666666666666666
2018-11-12,0.07285714285714286,0.14054666666666665,0.42857142857142855,0.42857142857142855,0.14285714285714285
2018-11-13,0.0757142857142857,0.13924,0.6,0.2,0.2
2018-11-14,0.07857142857142857,0.12693333333333331,0.8,0.2,0.0
2018-11-15,0.08142857142857142,0.11650999999999999,0.4,0.4,0.2
2018-11-16,0.08428571428571428,0.11627,,,
2018-11-17,0.08714285714285713,0.11694000000000002,1.0,0.0,0.0
2018-11-18,0.09,0.11659666666666667,0.3333333333333333,0.3333333333333333,0.3333333333333333
2018-11-19,0.08857142857142858,0.10796333333333333,0.2,0.6,0.2
2018-11-20,0.08714285714285713,0.09207000000000001,0.5,0.5,0.0
2018-11-21,0.08571428571428572,0.08796333333333332,0.5,0.0,0.5
2018-11-22,0.08428571428571428,0.08644,0.6666666666666666,0.3333333333333333,0.0
2018-11-23,0.08285714285714287,0.08395,1.0,0.0,0.0
2018-11-24,0.08142857142857142,0.07975,0.6666666666666666,0.3333333333333333,0.0
2018-11-25,0.08,0.07719,0.0,1.0,0.0
2018-11-26,0.08,0.07479333333333332,0.75,0.25,0.0
2018-11-27,0.08,0.07239666666666666,0.5714285714285714,0.42857142857142855,0.0
2018-11-28,0.08,0.07789,1.0,0.0,0.0
2018-11-29,0.08,0.08060666666666666,1.0,0.0,0.0
2018-11-30,0.08,0.07697000000000001,0.5,0.5,0.0
2018-12-01,0.08,0.07718666666666665,0.6666666666666666,0.0,0.3333333333333333
2018-12-02,0.08,0.07794333333333332,0.5,0.5,0.0
2018-12-03,0.07857142857142857,0.07494666666666666,0.5,0.5,0.0
2018-12-04,0.07714285714285714,0.07271333333333332,0.5,0.0,0.5
2018-12-05,0.0757142857142857,0.07016333333333334,1.0,0.0,0.0
2018-12-06,0.07428571428571429,0.06395333333333333,0.0,1.0,0.0
2018-12-07,0.07285714285714286,0.061136666666666666,0.2857142857142857,0.2857142857142857,0.42857142857142855
2018-12-08,0.07142857142857144,0.061413333333333334,0.5,0.25,0.25
2018-12-09,0.07,0.06223333333333333,0.5,0.5,0.0
2018-12-10,0.07,0.06198666666666666,0.3333333333333333,0.3333333333333333,0.3333333333333333
2018-12-11,0.07,0.05983666666666666,1.0,0.0,0.0
2018-12-12,0.07,0.05952,0.0,0.5,0.5
2018-12-13,0.07,0.058903333333333335,0.0,1.0,0.0
2018-12-14,0.07,0.05632666666666667,1.0,0.0,0.0
2018-12-15,0.07,0.05499666666666667,1.0,0.0,0.0
2018-12-16,0.07,0.05633666666666667,,,
2018-12-17,0.07285714285714286,0.061886666666666666,1.0,0.0,0.0
2018-12-18,0.0757142857142857,0.06645000000000001,,,
2018-12-19,0.07857142857142857,0.06738666666666666,0.2,0.4,0.4
2018-12-20,0.08142857142857142,0.07239000000000001,1.0,0.0,0.0
2018-12-21,0.08428571428571428,0.07489666666666665,0.6666666666666666,0.3333333333333333,0.0
2018-12-22,0.08714285714285713,0.07547,0.6666666666666666,0.3333333333333333,0.0
2018-12-23,0.09,0.08297333333333334,0.3333333333333333,0.3333333333333333,0.3333333333333333
2018-12-24,0.09,0.09156333333333333,0.6,0.4,0.0
2018-12-25,0.09,0.08951333333333332,0.5,0.5,0.0
2018-12-26,0.09,0.08571999999999999,0.3333333333333333,0.3333333333333333,0.3333333333333333
2018-12-27,0.09,0.08270666666666666,0.3333333333333333,0.3333333333333333,0.3333333333333333
2018-12-28,0.09,0.0814,0.5,0.0,0.5
2018-12-29,0.09,0.08578333333333334,0.75,0.25,0.0
2018-12-30,0.09,0.0881,1.0,0.0,0.0
2018-12-31,0.09,0.08680666666666667,0.2,0.4,0.4
2019-01-01,0.09,0.08533666666666666,0.5,0.0,0.5
2019-01-02,0.09,0.08925666666666666,1.0,0.0,0.0
2019-01-03,0.09,0.09043999999999999,1.0,0.0,0.0
2019-01-04,0.09,0.09505,0.6666666666666666,0.3333333333333333,0.0
2019-01-05,0.09,0.10334333333333333,0.0,1.0,0.0
2019-01-06,0.09,0.10369,0.25,0.75,0.0
2019-01-07,0.08714285714285713,0.10286,0.8333333333333334,0.16666666666666666,0.0
2019-01-08,0.08428571428571428,0.10174666666666667,0.25,0.5,0.25
2019-01-09,0.08142857142857142,0.10141333333333334,1.0,0.0,0.0
2019-01-10,0.07857142857142857,0.09755999999999998,1.0,0.0,0.0
2019-01-11,0.0757142857142857,0.09056,0.6666666666666666,0.3333333333333333,0.0
2019-01-12,0.07285714285714286,0.0894,0.0,1.0,0.0
2019-01-13,0.07,0.08801333333333332,1.0,0.0,0.0
2019-01-14,0.06714285714285714,0.0871,0.5,0.5,0.0
2019-01-15,0.0642857142857143,0.08696333333333332,0.3333333333333333,0.5,0.16666666666666666
2019-01-16,0.06142857142857143,0.08997000000000001,0.3333333333333333,0.0,0.6666666666666666
2019-01-17,0.05857142857142858,0.08977999999999998,,,
2019-01-18,0.05571428571428571,0.08064,0.0,0.0,1.0
2019-01-19,0.05285714285714285,0.08136333333333333,,,
2019-01-20,0.05,0.07968,,,
2019-01-21,0.05,0.07836,1.0,0.0,0.0
2019-01-22,0.05,0.07775666666666668,,,
2019-01-23,0.05,0.07783666666666667,0.5,0.0,0.5
2019-01-24,0.05,0.07861666666666667,1.0,0.0,0.0
2019-01-25,0.05,0.07821333333333333,,,
2019-01-26,0.05,0.07746666666666667,1.0,0.0,0.0
2019-01-27,0.05,0.07683000000000001,0.0,1.0,0.0
2019-01-28,0.05,0.07337666666666666,,,
2019-01-29,0.05,0.07087333333333334,0.0,1.0,0.0
2019-01-30,0.05,0.07174333333333335,0.5,0.5,0.0
2019-01-31,0.05,0.07183999999999999,1.0,0.0,0.0
2019-02-01,0.05,0.07079,0.8,0.0,0.2
2019-02-02,0.05,0.07522333333333335,0.4,0.6,0.0
2019-02-03,0.05,0.07573,0.5,0.5,0.0
2019-02-04,0.051428571428571435,0.07227666666666666,0.5,0.5,0.0
2019-02-05,0.05285714285714285,0.059426666666666655,0.0,1.0,0.0
2019-02-06,0.05428571428571429,0.05680666666666667,0.2,0.8,0.0
2019-02-07,0.05571428571428571,0.06842666666666666,0.3333333333333333,0.6666666666666666,0.0
2019-02-08,0.05714285714285714,0.07053999999999999,1.0,0.0,0.0
2019-02-09,0.058571428571428566,0.07132,0.75,0.25,0.0
2019-02-10,0.06,0.07403333333333333,0.5,0.5,0.0
2019-02-11,0.06142857142857143,0.07689666666666665,0.5,0.5,0.0
2019-02-12,0.06285714285714286,0.07829333333333333,1.0,0.0,0.0
2019-02-13,0.0642857142857143,0.07555333333333332,0.6666666666666666,0.3333333333333333,0.0
2019-02-14,0.06571428571428571,0.07426333333333333,0.0,1.0,0.0
2019-02-15,0.06714285714285714,0.07719666666666666,,,
2019-02-16,0.06857142857142856,0.07552333333333333,,,
2019-02-17,0.07,0.07902666666666666,0.0,0.5,0.5
2019-02-18,0.07,0.08779,0.3333333333333333,0.6666666666666666,0.0
2019-02-19,0.07,0.09129666666666666,0.5,0.5,0.0
2019-02-20,0.07,0.09346333333333333,1.0,0.0,0.0
2019-02-21,0.07,0.09603666666666667,1.0,0.0,0.0
2019-02-22,0.07,0.09353333333333334,1.0,0.0,0.0
2019-02-23,0.07,0.09725333333333333,1.0,0.0,0.0
2019-02-24,0.07,0.09619,0.0,1.0,0.0
2019-02-25,0.06714285714285714,0.08899333333333334,1.0,0.0,0.0
2019-02-26,0.0642857142857143,0.08907000000000001,0.6666666666666666,0.3333333333333333,0.0
2019-02-27,0.06142857142857143,0.08889333333333334,,,
2019-02-28,0.05857142857142858,0.08972333333333332,1.0,0.0,0.0
2019-03-01,0.05571428571428571,0.08932333333333334,1.0,0.0,0.0
2019-03-02,0.05285714285714285,0.08762666666666666,1.0,0.0,0.0
2019-03-03,0.05,0.08566333333333334,0.5,0.0,0.5
2019-03-04,0.05,0.08422333333333334,,,
2019-03-05,0.05,0.08637666666666667,0.5,0.5,0.0
2019-03-06,0.05,0.0897,1.0,0.0,0.0
2019-03-07,0.05,0.08935666666666668,0.0,1.0,0.0
2019-03-08,0.05,0.08831333333333333,,,
2019-03-09,0.05,0.08286333333333334,,,
2019-03-10,0.05,0.08265333333333333,,,
2019-03-11,0.05,0.08494666666666667,0.16666666666666666,0.5,0.3333333333333333
2019-03-12,0.05,0.08492666666666669,0.0,0.6666666666666666,0.3333333333333333
2019-03-13,0.05,0.08368666666666667,0.0,1.0,0.0
2019-03-14,0.05,0.08303,,,
2019-03-15,0.05,0.08721,1.0,0.0,0.0
2019-03-16,0.05,0.08992666666666665,1.0,0.0,0.0
2019-03-17,0.05,0.08979,1.0,0.0,0.0
2019-03-18,0.05,0.08721,,,
2019-03-19,0.05,0.08836333333333335,0.0,0.0,1.0
2019-03-20,0.05,0.09025999999999999,1.0,0.0,0.0
2019-03-21,0.05,0.08950999999999999,0.0,1.0,0.0
2019-03-22,0.05,0.08750333333333334,0.0,1.0,0.0
2019-03-23,0.05,0.09420333333333333,0.0,1.0,0.0
2019-03-24,0.05,0.09398,1.0,0.0,0.0
2019-03-25,0.05285714285714285,0.08690333333333333,,,
2019-03-26,0.05571428571428571,0.08703666666666666,0.3333333333333333,0.6666666666666666,0.0
2019-03-27,0.058571428571428566,0.08852,0.0,0.6666666666666666,0.3333333333333333
2019-03-28,0.06142857142857142,0.08970333333333334,1.0,0.0,0.0
2019-03-29,0.0642857142857143,0.09004,0.0,1.0,0.0
2019-03-30,0.06714285714285714,0.09128333333333334,0.0,0.0,1.0
2019-03-31,0.07,0.09054999999999999,0.0,1.0,0.0
2019-04-01,0.07,0.09058666666666666,1.0,0.0,0.0
2019-04-02,0.07,0.10034,,,
2019-04-03,0.07,0.10956,,,
2019-04-04,0.07,0.10780666666666665,0.0,1.0,0.0
2019-04-05,0.07,0.10668666666666667,1.0,0.0,0.0
2019-04-06,0.07,0.10681666666666668,1.0,0.0,0.0
2019-04-07,0.07,0.11070666666666666,1.0,0.0,0.0
2019-04-08,0.06714285714285714,0.11126666666666667,0.0,1.0,0.0
2019-04-09,0.0642857142857143,0.11054666666666667,0.3333333333333333,0.6666666666666666,0.0
2019-04-10,0.06142857142857143,0.11464333333333332,0.5,0.5,0.0
2019-04-11,0.05857142857142858,0.11180666666666667,0.0,0.6666666666666666,0.3333333333333333
2019-04-12,0.05571428571428571,0.10745666666666667,0.0,1.0,0.0
2019-04-13,0.05285714285714285,0.10579666666666666,0.5,0.25,0.25
2019-04-14,0.05,0.10713333333333333,0.0,0.0,1.0
2019-04-15,0.05,0.10657333333333334,0.5,0.5,0.0
2019-04-16,0.05,0.10477666666666668,,,
2019-04-17,0.05,0.10780666666666665,1.0,0.0,0.0
2019-04-18,0.05,0.11032000000000002,1.0,0.0,0.0
2019-04-19,0.05,0.11109333333333332,0.6666666666666666,0.3333333333333333,0.0
2019-04-20,0.05,0.11266000000000001,1.0,0.0,0.0
2019-04-21,0.05,0.11366666666666667,0.0,1.0,0.0
2019-04-22,0.051428571428571435,0.11202666666666668,0.5,0.5,0.0
2019-04-23,0.05285714285714285,0.11147666666666667,0.3333333333333333,0.5,0.16666666666666666
2019-04-24,0.05428571428571429,0.11070333333333333,0.5,0.5,0.0
2019-04-25,0.05571428571428571,0.10454666666666666,0.75,0.25,0.0
2019-04-26,0.05714285714285714,0.10003000000000001,1.0,0.0,0.0
2019-04-27,0.058571428571428566,0.09881666666666668,0.5,0.25,0.25
2019-04-28,0.06,0.09771999999999999,1.0,0.0,0.0
2019-04-29,0.06142857142857143,0.09878333333333333,1.0,0.0,0.0
2019-04-30,0.06285714285714286,0.10203666666666666,0.4,0.5,0.1
2019-05-01,0.0642857142857143,0.10383,0.5,0.5,0.0
2019-05-02,0.06571428571428571,0.10126333333333334,0.75,0.25,0.0
2019-05-03,0.06714285714285714,0.10213999999999998,0.3333333333333333,0.6666666666666666,0.0
2019-05-04,0.06857142857142856,0.10249000000000001,0.0,1.0,0.0
2019-05-05,0.07,0.10080666666666667,1.0,0.0,0.0
2019-05-06,0.07714285714285714,0.10206000000000003,0.25,0.75,0.0
2019-05-07,0.08428571428571428,0.10528333333333334,0.5,0.25,0.25
2019-05-08,0.09142857142857143,0.10839,0.5,0.16666666666666666,0.3333333333333333
2019-05-09,0.09857142857142857,0.10717999999999998,0.0,1.0,0.0
2019-05-10,0.1057142857142857,0.10648666666666667,0.6,0.4,0.0
2019-05-11,0.11285714285714285,0.11653000000000001,0.0,1.0,0.0
2019-05-12,0.12,0.12295333333333333,0.8333333333333334,0.16666666666666666,0.0
2019-05-13,0.11428571428571428,0.12466,0.625,0.25,0.125
2019-05-14,0.10857142857142858,0.13455666666666666,0.8,0.2,0.0
2019-05-15,0.10285714285714287,0.15028333333333335,0.6666666666666666,0.3333333333333333,0.0
2019-05-16,0.09714285714285716,0.16529,1.0,0.0,0.0
2019-05-17,0.09142857142857143,0.16246333333333335,0.3333333333333333,0.3333333333333333,0.3333333333333333
2019-05-18,0.08571428571428572,0.15162333333333333,0.6,0.4,0.0
2019-05-19,0.08,0.15808,1.0,0.0,0.0
2019-05-20,0.08,0.16273666666666667,0.6666666666666666,0.3333333333333333,0.0
2019-05-21,0.08,0.16091,0.42857142857142855,0.5714285714285714,0.0
2019-05-22,0.08,0.15781333333333336,1.0,0.0,0.0
2019-05-23,0.08,0.15506,0.625,0.375,0.0
2019-05-24,0.08,0.15823,0.5,0.5,0.0
2019-05-25,0.08,0.15866,0.6,0.4,0.0
2019-05-26,0.08,0.16160666666666665,0.6666666666666666,0.3333333333333333,0.0
2019-05-27,0.07857142857142857,0.16834000000000002,0.4,0.6,0.0
2019-05-28,0.07714285714285714,0.17266333333333334,0.8,0.2,0.0
2019-05-29,0.0757142857142857,0.17134666666666665,0.5,0.5,0.0
2019-05-30,0.07428571428571429,0.1672266666666667,0.5,0.5,0.0
2019-05-31,0.07285714285714286,0.16611,0.6,0.4,0.0
2019-06-01,0.07142857142857144,0.16624333333333333,0.5,0.5,0.0
2019-06-02,0.07,0.16424,1.0,0.0,0.0
2019-06-03,0.06857142857142856,0.16301666666666667,0.6666666666666666,0.3333333333333333,0.0
2019-06-04,0.06714285714285714,0.16021333333333332,1.0,0.0,0.0
2019-06-05,0.06571428571428571,0.15650999999999998,0.8,0.0,0.2
2019-06-06,0.0642857142857143,0.15534666666666666,0.5,0.5,0.0
2019-06-07,0.06285714285714286,0.15721333333333332,1.0,0.0,0.0
2019-06-08,0.06142857142857143,0.15215,0.0,0.5,0.5
2019-06-09,0.06,0.14520333333333335,,,
2019-06-10,0.0642857142857143,0.15058666666666667,0.5,0.0,0.5
2019-06-11,0.06857142857142856,0.15376333333333334,1.0,0.0,0.0
2019-06-12,0.07285714285714286,0.15778,0.6666666666666666,0.3333333333333333,0.0
2019-06-13,0.07714285714285714,0.16528000000000004,0.5,0.5,0.0
2019-06-14,0.08142857142857142,0.16856666666666667,1.0,0.0,0.0
2019-06-15,0.08571428571428572,0.17366333333333334,,,
2019-06-16,0.09,0.16110333333333332,1.0,0.0,0.0
2019-06-17,0.09571428571428571,0.1608433333333333,0.0,1.0,0.0
2019-06-18,0.10142857142857142,0.16359666666666667,0.5,0.5,0.0
2019-06-19,0.10714285714285714,0.16285,0.5,0.5,0.0
2019-06-20,0.11285714285714285,0.16496999999999998,,,
2019-06-21,0.11857142857142858,0.16786,0.0,0.0,1.0
2019-06-22,0.12428571428571429,0.18129,,,
2019-06-23,0.13,0.18479666666666666,0.0,1.0,0.0
2019-06-24,0.12571428571428572,0.16162,1.0,0.0,0.0
2019-06-25,0.12142857142857143,0.16261333333333333,0.6666666666666666,0.3333333333333333,0.0
2019-06-26,0.11714285714285716,0.20259666666666665,0.75,0.25,0.0
2019-06-27,0.11285714285714286,0.20297000000000004,1.0,0.0,0.0
2019-06-28,0.10857142857142858,0.19077333333333332,0.6666666666666666,0.3333333333333333,0.0
2019-06-29,0.10428571428571429,0.19764333333333337,0.75,0.25,0.0
2019-06-30,0.1,0.19478333333333334,1.0,0.0,0.0
2019-07-01,0.11,0.18535333333333331,0.0,1.0,0.0
2019-07-02,0.12,0.19017333333333333,0.75,0.25,0.0
2019-07-03,0.13,0.19484666666666667,0.75,0.25,0.0
2019-07-04,0.14,0.18371333333333334,0.5,0.5,0.0
2019-07-05,0.15,0.16727333333333333,0.5,0.0,0.5
2019-07-06,0.16,0.16494333333333333,0.5,0.5,0.0
2019-07-07,0.17,0.17214000000000002,0.0,1.0,0.0
2019-07-08,0.18,0.18549000000000002,0.0,0.0,1.0
2019-07-09,0.19,0.19737000000000002,0.5,0.5,0.0
2019-07-10,0.2,0.18910666666666665,1.0,0.0,0.0
2019-07-11,0.21,0.17860666666666664,1.0,0.0,0.0
2019-07-12,0.22,0.17517,0.3333333333333333,0.6666666666666666,0.0
2019-07-13,0.23,0.1679,1.0,0.0,0.0
2019-07-14,0.24,0.1554866666666667,,,
2019-07-15,0.21428571428571427,0.14804666666666666,1.0,0.0,0.0
2019-07-16,0.18857142857142858,0.14053333333333334,0.6,0.4,0.0
2019-07-17,0.16285714285714284,0.13448666666666667,0.5,0.5,0.0
2019-07-18,0.13714285714285712,0.14311,0.0,0.6666666666666666,0.3333333333333333
2019-07-19,0.11142857142857142,0.14384333333333332,1.0,0.0,0.0
2019-07-20,0.08571428571428569,0.14324,0.0,0.0,1.0
2019-07-21,0.06,0.14259666666666665,,,
2019-07-22,0.06,0.13745000000000002,0.5,0.5,0.0
2019-07-23,0.06,0.13215333333333334,0.6,0.4,0.0
2019-07-24,0.06,0.12967666666666666,0.0,1.0,0.0
2019-07-25,0.06,0.13355333333333333,0.5,0.5,0.0
2019-07-26,0.06,0.13658000000000003,0.8,0.2,0.0
2019-07-27,0.06,0.13055333333333333,0.5,0.5,0.0
2019-07-28,0.06,0.11853666666666667,,,
2019-07-29,0.06,0.11932333333333334,1.0,0.0,0.0
2019-07-30,0.06,0.12582666666666667,0.75,0.25,0.0
2019-07-31,0.06,0.12572666666666668,0.6666666666666666,0.3333333333333333,0.0
2019-08-01,0.06,0.12800999999999998,,,
2019-08-02,0.06,0.13252333333333333,,,
2019-08-03,0.06,0.1349,,,
2019-08-04,0.06,0.12992,0.0,0.0,1.0
2019-08-05,0.06,0.13536,1.0,0.0,0.0
2019-08-06,0.06,0.14252,1.0,0.0,0.0
2019-08-07,0.06,0.13804,,,
2019-08-08,0.06,0.13455333333333333,0.6666666666666666,0.3333333333333333,0.0
2019-08-09,0.06,0.1331466666666667,,,
2019-08-10,0.06,0.13248666666666667,,,
2019-08-11,0.06,0.13063333333333332,0.0,0.0,1.0
2019-08-12,0.06,0.12925,1.0,0.0,0.0
2019-08-13,0.06,0.12060666666666667,1.0,0.0,0.0
2019-08-14,0.06,0.11488,0.5,0.5,0.0
2019-08-15,0.06,0.11982666666666668,0.0,0.0,1.0
2019-08-16,0.06,0.11937333333333333,0.6666666666666666,0.3333333333333333,0.0
2019-08-17,0.06,0.11421999999999999,,,
2019-08-18,0.06,0.11226666666666667,0.5,0.25,0.25
2019-08-19,0.058571428571428566,0.11728666666666668,0.7142857142857143,0.14285714285714285,0.14285714285714285
2019-08-20,0.05714285714285714,0.12095,1.0,0.0,0.0
2019-08-21,0.05571428571428571,0.11513333333333332,,,
2019-08-22,0.05428571428571429,0.11272666666666667,,,
2019-08-23,0.05285714285714285,0.11046,0.5,0.5,0.0
2019-08-24,0.051428571428571435,0.10709666666666666,,,
2019-08-25,0.05,0.10704333333333334,0.0,1.0,0.0
2019-08-26,0.05,0.10737333333333333,0.6666666666666666,0.3333333333333333,0.0
2019-08-27,0.05,0.11117666666666666,0.0,0.0,1.0
2019-08-28,0.05,0.11217999999999999,,,
2019-08-29,0.05,0.10849333333333334,1.0,0.0,0.0
2019-08-30,0.05,0.10644333333333333,,,
2019-08-31,0.05,0.10877666666666667,,,
2019-09-01,0.05,0.10646333333333333,1.0,0.0,0.0
2019-09-02,0.05,0.10655333333333332,0.0,1.0,0.0
2019-09-03,0.05,0.10920666666666667,0.6666666666666666,0.0,0.3333333333333333
2019-09-04,0.05,0.11085666666666666,0.0,0.0,1.0
2019-09-05,0.05,0.11246999999999999,1.0,0.0,0.0
2019-09-06,0.05,0.11012666666666666,0.6666666666666666,0.3333333333333333,0.0
2019-09-07,0.05,0.11016333333333334,,,
2019-09-08,0.05,0.10921333333333333,,,
2019-09-09,0.051428571428571435,0.1095,0.0,0.0,1.0
2019-09-10,0.05285714285714285,0.10308666666666666,0.6666666666666666,0.0,0.3333333333333333
2019-09-11,0.05428571428571429,0.10074333333333334,0.6666666666666666,0.3333333333333333,0.0
2019-09-12,0.05571428571428571,0.10996333333333333,0.6666666666666666,0.3333333333333333,0.0
2019-09-13,0.05714285714285714,0.11127999999999999,,,
2019-09-14,0.058571428571428566,0.11261000000000002,0.0,1.0,0.0
2019-09-15,0.06,0.11568666666666667,1.0,0.0,0.0
2019-09-16,0.058571428571428566,0.11963666666666666,1.0,0.0,0.0
2019-09-17,0.05714285714285714,0.12658,1.0,0.0,0.0
2019-09-18,0.05571428571428571,0.12708,0.3333333333333333,0.3333333333333333,0.3333333333333333
2019-09-19,0.05428571428571429,0.1310666666666667,0.75,0.25,0.0
2019-09-20,0.05285714285714285,0.13346666666666665,1.0,0.0,0.0
2019-09-21,0.051428571428571435,0.12695666666666666,,,
2019-09-22,0.05,0.12637666666666666,,,
2019-09-23,0.05,0.1262,0.0,1.0,0.0
2019-09-24,0.05,0.11675,0.75,0.25,0.0
2019-09-25,0.05,0.10966666666666666,1.0,0.0,0.0
2019-09-26,0.05,0.10458999999999999,0.0,0.0,1.0
2019-09-27,0.05,0.10099000000000001,,,
2019-09-28,0.05,0.10179,,,
2019-09-29,0.05,0.10219666666666667,1.0,0.0,0.0
2019-09-30,0.05,0.10248,1.0,0.0,0.0
2019-10-01,0.05,0.10358999999999999,1.0,0.0,0.0
2019-10-02,0.05,0.10546333333333333,1.0,0.0,0.0
2019-10-03,0.05,0.10662666666666666,1.0,0.0,0.0
2019-10-04,0.05,0.10046666666666666,,,
2019-10-05,0.05,0.09880666666666665,,,
2019-10-06,0.05,0.10354999999999999,1.0,0.0,0.0
2019-10-07,0.04857142857142857,0.11079666666666667,0.6666666666666666,0.3333333333333333,0.0
2019-10-08,0.047142857142857146,0.11667999999999999,0.0,0.0,1.0
2019-10-09,0.045714285714285714,0.11986333333333332,,,
2019-10-10,0.04428571428571429,0.12226666666666668,0.5,0.5,0.0
2019-10-11,0.04285714285714286,0.11619666666666668,0.0,1.0,0.0
2019-10-12,0.04142857142857143,0.10822999999999999,1.0,0.0,0.0
2019-10-13,0.04,0.10630333333333332,1.0,0.0,0.0
2019-10-14,0.04142857142857143,0.11323666666666667,1.0,0.0,0.0
2019-10-15,0.04285714285714286,0.10946999999999998,,,
2019-10-16,0.04428571428571429,0.10438666666666667,,,
2019-10-17,0.045714285714285714,0.10445666666666667,0.5,0.5,0.0
2019-10-18,0.047142857142857146,0.10209,1.0,0.0,0.0
2019-10-19,0.04857142857142857,0.10490333333333332,1.0,0.0,0.0
2019-10-20,0.05,0.10826666666666666,1.0,0.0,0.0
2019-10-21,0.05,0.11108333333333334,0.5,0.5,0.0
2019-10-22,0.05,0.10926333333333332,,,
2019-10-23,0.05,0.10580333333333332,1.0,0.0,0.0
2019-10-24,0.05,0.10475999999999999,,,
2019-10-25,0.05,0.14197333333333334,0.5,0.5,0.0
2019-10-26,0.05,0.14831999999999998,0.5,0.5,0.0
2019-10-27,0.05,0.11897333333333333,0.0,1.0,0.0
2019-10-28,0.05,0.11903333333333334,,,
2019-10-29,0.05,0.12021,1.0,0.0,0.0
2019-10-30,0.05,0.12209666666666666,0.3333333333333333,0.3333333333333333,0.3333333333333333
2019-10-31,0.05,0.12105333333333332,,,
2019-11-01,0.05,0.11984333333333334,1.0,0.0,0.0
2019-11-02,0.05,0.11714000000000001,,,
2019-11-03,0.05,0.11672666666666667,0.3333333333333333,0.6666666666666666,0.0
2019-11-04,0.04857142857142857,0.1195,0.3333333333333333,0.3333333333333333,0.3333333333333333
2019-11-05,0.047142857142857146,0.12235333333333333,,,
2019-11-06,0.045714285714285714,0.12509333333333333,0.0,1.0,0.0
2019-11-07,0.04428571428571429,0.12394,1.0,0.0,0.0
2019-11-08,0.04285714285714286,0.12128666666666665,,,
2019-11-09,0.04142857142857143,0.1202,,,
2019-11-10,0.04,0.12009666666666666,1.0,0.0,0.0
2019-11-11,0.04,0.11699333333333335,,,
2019-11-12,0.04,0.11531666666666668,1.0,0.0,0.0
2019-11-13,0.04,0.11535666666666666,,,
2019-11-14,0.04,0.11667666666666665,1.0,0.0,0.0
2019-11-15,0.04,0.11920000000000001,0.5,0.5,0.0
2019-11-16,0.04,0.11702333333333333,,,
2019-11-17,0.04,0.11792666666666665,0.5,0.5,0.0
2019-11-18,0.04142857142857143,0.11839666666666669,,,
2019-11-19,0.04285714285714286,0.11702333333333333,1.0,0.0,0.0
2019-11-20,0.04428571428571429,0.11544,0.75,0.0,0.25
2019-11-21,0.045714285714285714,0.11023333333333334,1.0,0.0,0.0
2019-11-22,0.047142857142857146,0.10346333333333332,,,
2019-11-23,0.04857142857142857,0.10128000000000001,0.5,0.5,0.0
2019-11-24,0.05,0.09880666666666667,,,
2019-11-25,0.04857142857142857,0.09643333333333332,,,
2019-11-26,0.047142857142857146,0.09852666666666667,1.0,0.0,0.0
2019-11-27,0.045714285714285714,0.10067,0.6666666666666666,0.3333333333333333,0.0
2019-11-28,0.04428571428571429,0.10154666666666666,0.6666666666666666,0.0,0.3333333333333333
2019-11-29,0.04285714285714286,0.10226333333333332,0.0,0.5,0.5
2019-11-30,0.04142857142857143,0.10260000000000001,1.0,0.0,0.0
2019-12-01,0.04,0.10128000000000001,0.0,1.0,0.0
2019-12-02,0.04,0.10011666666666667,,,
2019-12-03,0.04,0.09902666666666667,0.6666666666666666,0.3333333333333333,0.0
2019-12-04,0.04,0.09823,1.0,0.0,0.0
2019-12-05,0.04,0.09866000000000001,0.3333333333333333,0.6666666666666666,0.0
2019-12-06,0.04,0.09947666666666667,0.0,0.0,1.0
2019-12-07,0.04,0.09939333333333333,0.5,0.5,0.0
2019-12-08,0.04,0.10009333333333333,0.6666666666666666,0.3333333333333333,0.0
2019-12-09,0.04142857142857143,0.09990333333333333,0.75,0.25,0.0
2019-12-10,0.04285714285714286,0.09820000000000001,0.3333333333333333,0.6666666666666666,0.0
2019-12-11,0.04428571428571429,0.09664,0.3333333333333333,0.6666666666666666,0.0
2019-12-12,0.045714285714285714,0.09644333333333335,1.0,0.0,0.0
2019-12-13,0.047142857142857146,0.09686666666666667,0.0,1.0,0.0
2019-12-14,0.04857142857142857,0.09592999999999999,,,
2019-12-15,0.05,0.09532666666666666,,,
2019-12-16,0.05,0.09225333333333333,0.3333333333333333,0.3333333333333333,0.3333333333333333
2019-12-17,0.05,0.08524333333333334,0.0,1.0,0.0
2019-12-18,0.05,0.08509333333333334,0.5,0.5,0.0
2019-12-19,0.05,0.08750666666666666,0.6666666666666666,0.0,0.3333333333333333
2019-12-20,0.05,0.08615000000000002,0.3333333333333333,0.3333333333333333,0.3333333333333333
2019-12-21,0.05,0.08573,0.0,1.0,0.0
2019-12-22,0.05,0.08684,,,
2019-12-23,0.05,0.08697666666666667,0.5,0.5,0.0
2019-12-24,0.05,0.08591333333333334,0.3333333333333333,0.3333333333333333,0.3333333333333333
2019-12-25,0.05,0.08521333333333334,,,
2019-12-26,0.05,0.08431,0.3333333333333333,0.3333333333333333,0.3333333333333333
2019-12-27,0.05,0.08453333333333334,1.0,0.0,0.0
2019-12-28,0.05,0.08519333333333334,1.0,0.0,0.0
2019-12-29,0.05,0.08769666666666667,1.0,0.0,0.0
2019-12-30,0.051428571428571435,0.08912333333333333,0.5,0.5,0.0
2019-12-31,0.05285714285714285,0.08741,0.6666666666666666,0.3333333333333333,0.0
2020-01-01,0.05428571428571429,0.08682000000000001,0.75,0.25,0.0
2020-01-02,0.05571428571428571,0.08607333333333335,0.0,0.6666666666666666,0.3333333333333333
2020-01-03,0.05714285714285714,0.08720000000000001,1.0,0.0,0.0
2020-01-04,0.058571428571428566,0.08976333333333332,1.0,0.0,0.0
2020-01-05,0.06,0.09044666666666668,1.0,0.0,0.0
2020-01-06,0.06142857142857143,0.09349,1.0,0.0,0.0
2020-01-07,0.06285714285714286,0.09598666666666668,1.0,0.0,0.0
2020-01-08,0.0642857142857143,0.09495666666666666,0.5,0.5,0.0
2020-01-09,0.06571428571428571,0.09336666666666668,1.0,0.0,0.0
2020-01-10,0.06714285714285714,0.0943,0.0,1.0,0.0
2020-01-11,0.06857142857142856,0.09568333333333331,1.0,0.0,0.0
2020-01-12,0.07,0.09625,,,
2020-01-13,0.06857142857142856,0.09686000000000002,1.0,0.0,0.0
2020-01-14,0.06714285714285714,0.10334999999999998,,,
2020-01-15,0.06571428571428571,0.11065,0.0,0.0,1.0
2020-01-16,0.0642857142857143,0.11018666666666667,0.0,0.3333333333333333,0.6666666666666666
2020-01-17,0.06285714285714286,0.11184333333333332,,,
2020-01-18,0.06142857142857143,0.11576666666666667,0.6666666666666666,0.3333333333333333,0.0
2020-01-19,0.06,0.11408666666666667,,,
2020-01-20,0.06,0.11137999999999999,1.0,0.0,0.0
2020-01-21,0.06,0.11227666666666666,0.0,1.0,0.0
2020-01-22,0.06,0.11264333333333333,0.0,0.6666666666666666,0.3333333333333333
2020-01-23,0.06,0.11043666666666667,0.0,1.0,0.0
2020-01-24,0.06,0.10868000000000001,1.0,0.0,0.0
2020-01-25,0.06,0.10816333333333333,0.0,0.0,1.0
2020-01-26,0.06,0.10981,0.3333333333333333,0.6666666666666666,0.0
2020-01-27,0.0642857142857143,0.11300333333333333,1.0,0.0,0.0
2020-01-28,0.06857142857142856,0.11575333333333333,0.0,1.0,0.0
2020-01-29,0.07285714285714286,0.11716666666666667,0.5,0.5,0.0
2020-01-30,0.07714285714285714,0.11995,1.0,0.0,0.0
2020-01-31,0.08142857142857142,0.12163666666666666,1.0,0.0,0.0
2020-02-01,0.08571428571428572,0.12132000000000001,,,
2020-02-02,0.09,0.12407333333333334,1.0,0.0,0.0
2020-02-03,0.09571428571428571,0.12623647477469133,0.0,1.0,0.0
2020-02-04,0.10142857142857142,0.12538069645068028,1.0,0.0,0.0
2020-02-05,0.10714285714285714,0.13086947346862052,0.5,0.5,0.0
2020-02-06,0.11285714285714285,0.13891647085043365,0.8,0.0,0.2
2020-02-07,0.11857142857142858,0.14558644208354043,0.5,0.0,0.5
2020-02-08,0.12428571428571429,0.14823359835675445,0.5,0.25,0.25
2020-02-09,0.13,0.15131655731473137,0.5,0.5,0.0
2020-02-10,0.12714285714285714,0.14906107504117155,0.0,1.0,0.0
2020-02-11,0.12428571428571429,0.1492107253371187,0.0,1.0,0.0
2020-02-12,0.12142857142857143,0.1668569408328543,1.0,0.0,0.0
2020-02-13,0.11857142857142858,0.17867118059397077,1.0,0.0,0.0
2020-02-14,0.11571428571428571,0.18003021821007686,1.0,0.0,0.0
2020-02-15,0.11285714285714286,0.1859717417938969,0.5,0.25,0.25
2020-02-16,0.11,0.17663536146788297,,,
2020-02-17,0.1057142857142857,0.16857978061141748,1.0,0.0,0.0
2020-02-18,0.10142857142857142,0.1792952796461779,0.44444444444444436,0.3333333333333333,0.22222222222222218
2020-02-19,0.09714285714285716,0.1865573981240358,0.3333333333333333,0.6666666666666666,0.0
2020-02-20,0.09285714285714286,0.17291568671946933,0.5,0.5,0.0
2020-02-21,0.08857142857142858,0.1743015615038221,0.16666666666666666,0.6666666666666666,0.16666666666666666
2020-02-22,0.08428571428571428,0.1747604665914078,0.4,0.6,0.0
2020-02-23,0.08,0.17859973117556746,0.3333333333333333,0.6666666666666666,0.0
2020-02-24,0.08,0.17918743052168615,1.0,0.0,0.0
2020-02-25,0.08,0.1724780274223625,0.75,0.25,0.0
2020-02-26,0.08,0.15858711001794792,1.0,0.0,0.0
2020-02-27,0.08,0.15105403542091372,1.0,0.0,0.0
2020-02-28,0.08,0.15062510874421364,0.4,0.0,0.6
2020-02-29,0.08,0.15141426052698528,0.6666666666666666,0.3333333333333333,0.0
2020-03-01,0.08,0.14736346644794188,,,
2020-03-02,0.08285714285714287,0.1491610967366052,0.4,0.6,0.0
2020-03-03,0.08571428571428572,0.15197231785899354,0.6666666666666666,0.0,0.3333333333333333
2020-03-04,0.08857142857142858,0.14989973491929395,1.0,0.0,0.0
2020-03-05,0.09142857142857143,0.15277102083705182,1.0,0.0,0.0
2020-03-06,0.09428571428571429,0.15649439069372156,,,
2020-03-07,0.09714285714285714,0.1620202518575576,0.5,0.5,0.0
2020-03-08,0.1,0.15206865363821354,0.0,0.5,0.5
2020-03-09,0.1,0.1350967807127436,0.3333333333333333,0.3333333333333333,0.3333333333333333
2020-03-10,0.1,0.13430765125946667,0.5,0.5,0.0
2020-03-11,0.1,0.13197979987493585,1.0,0.0,0.0
2020-03-12,0.1,0.10984751034420825,0.5,0.0,0.5
2020-03-13,0.1,0.08238171510643252,0.6666666666666666,0.3333333333333333,0.0
2020-03-14,0.1,0.08683482816333657,0.0,1.0,0.0
2020-03-15,0.1,0.08302626921941754,,,
2020-03-16,0.09571428571428571,0.07738357011824269,1.0,0.0,0.0
2020-03-17,0.09142857142857143,0.07622914605721356,0.0,1.0,0.0
2020-03-18,0.08714285714285715,0.07594670667935613,0.5714285714285714,0.2857142857142857,0.14285714285714285
2020-03-19,0.08285714285714287,0.08141228719203232,1.0,0.0,0.0
2020-03-20,0.07857142857142857,0.09230037931333336,0.0,1.0,0.0
2020-03-21,0.07428571428571429,0.08782800488123303,0.5,0.5,0.0
2020-03-22,0.07,0.08773617870916751,0.5,0.5,0.0
2020-03-23,0.06857142857142856,0.0844424350206925,1.0,0.0,0.0
2020-03-24,0.06714285714285714,0.09106611959470229,0.75,0.25,0.0
2020-03-25,0.06571428571428571,0.09184528697220841,,,
2020-03-26,0.0642857142857143,0.09065903206436718,0.4,0.4,0.2
2020-03-27,0.06285714285714286,0.09158766354454635,0.5,0.5,0.0
2020-03-28,0.06142857142857143,0.08674374066129775,,,
2020-03-29,0.06,0.08634243831677992,,,
2020-03-30,0.06285714285714286,0.08660309226324557,0.6666666666666666,0.3333333333333333,0.0
2020-03-31,0.06571428571428571,0.08864170020278639,0.5,0.0,0.5
2020-04-01,0.06857142857142856,0.08843409912427724,0.6666666666666666,0.0,0.3333333333333333
2020-04-02,0.07142857142857142,0.0919120987919547,0.6666666666666666,0.3333333333333333,0.0
2020-04-03,0.07428571428571429,0.09535059084251464,1.0,0.0,0.0
2020-04-04,0.07714285714285714,0.0949721785462569,1.0,0.0,0.0
2020-04-05,0.08,0.09608301387692228,,,
2020-04-06,0.08,0.1014418184966699,1.0,0.0,0.0
2020-04-07,0.08,0.11351725020726829,1.0,0.0,0.0
2020-04-08,0.08,0.11219672554127827,0.5,0.5,0.0
2020-04-09,0.08,0.11406766642782844,0.8,0.0,0.2
2020-04-10,0.08,0.10826835219714566,0.5,0.5,0.0
2020-04-11,0.08,0.10575164181556754,0.5,0.5,0.0
2020-04-12,0.08,0.10610798585706796,1.0,0.0,0.0
2020-04-13,0.08142857142857142,0.10334648204657931,0.0,1.0,0.0
2020-04-14,0.08285714285714287,0.10526581736806835,1.0,0.0,0.0
2020-04-15,0.08428571428571428,0.1052510556892492,0.4,0.6,0.0
2020-04-16,0.08571428571428572,0.10846345801174115,1.0,0.0,0.0
2020-04-17,0.08714285714285713,0.11413807649344333,0.0,1.0,0.0
2020-04-18,0.08857142857142858,0.11741145858272514,0.4,0.4,0.2
2020-04-19,0.09,0.12285568695905182,0.5,0.5,0.0
2020-04-20,0.09285714285714286,0.12077346094521367,0.6666666666666666,0.0,0.3333333333333333
2020-04-21,0.09571428571428571,0.11519396971478707,0.3333333333333333,0.3333333333333333,0.3333333333333333
2020-04-22,0.09857142857142857,0.11782276706100654,0.5,0.5,0.0
2020-04-23,0.10142857142857142,0.12290797431201607,,,
2020-04-24,0.10428571428571429,0.12575306722570548,0.6,0.4,0.0
2020-04-25,0.10714285714285714,0.12817909143615944,0.5,0.5,0.0
2020-04-26,0.11,0.1307711245549159,0.625,0.375,0.0
2020-04-27,0.10857142857142858,0.1309151256858349,0.6666666666666666,0.3333333333333333,0.0
2020-04-28,0.10714285714285714,0.1314284325285311,0.3333333333333333,0.6666666666666666,0.0
2020-04-29,0.1057142857142857,0.13718265822785433,0.5,0.5,0.0
2020-04-30,0.10428571428571429,0.14407868222119677,0.6,0.0,0.4
2020-05-01,0.10285714285714287,0.14167345931469255,0.6666666666666666,0.3333333333333333,0.0
2020-05-02,0.10142857142857142,0.14265683251593525,0.0,1.0,0.0
2020-05-03,0.1,0.14208415549828946,0.6,0.4,0.0
2020-05-04,0.10142857142857142,0.13670643666996443,0.6666666666666666,0.0,0.3333333333333333
2020-05-05,0.10285714285714287,0.13817116852555336,0.5,0.5,0.0
2020-05-06,0.10428571428571429,0.13468918041618763,1.0,0.0,0.0
2020-05-07,0.1057142857142857,0.13713711648962607,0.6,0.4,0.0
2020-05-08,0.10714285714285714,0.14183775294271522,0.3333333333333333,0.6666666666666666,0.0
2020-05-09,0.10857142857142858,0.14172545680042395,0.0,0.0,1.0
2020-05-10,0.11,0.1274785020495316,0.02702702702702703,0.972972972972973,0.0
2020-05-11,0.10714285714285714,0.12511653877010356,0.5,0.5,0.0
2020-05-12,0.10428571428571429,0.12588372783404203,0.6666666666666666,0.3333333333333333,0.0
2020-05-13,0.10142857142857142,0.12821345345699356,1.0,0.0,0.0
2020-05-14,0.09857142857142857,0.1334134249622862,0.75,0.25,0.0
2020-05-15,0.09571428571428571,0.13343170374847022,0.5,0.5,0.0
2020-05-16,0.09285714285714286,0.13284350718890944,0.5,0.375,0.125
2020-05-17,0.09,0.13570266150811652,0.3333333333333333,0.3333333333333333,0.3333333333333333
2020-05-18,0.09,0.14121131709725884,0.8,0.2,0.0
2020-05-19,0.09,0.14188504104266664,0.5,0.5,0.0
2020-05-20,0.09,0.1417602661101067,0.5,0.5,0.0
2020-05-21,0.09,0.1376718662761909,0.5,0.0,0.5
2020-05-22,0.09,0.13487894496988284,0.3333333333333333,0.3333333333333333,0.3333333333333333
2020-05-23,0.09,0.13853300549800318,0.5,0.5,0.0
2020-05-24,0.09,0.13878925024116104,0.42857142857142855,0.5714285714285714,0.0
2020-05-25,0.09285714285714286,0.13583496682321683,1.0,0.0,0.0
2020-05-26,0.09571428571428571,0.13566787806796413,0.3333333333333333,0.6666666666666666,0.0
2020-05-27,0.09857142857142857,0.13671421629712296,0.6666666666666666,0.3333333333333333,0.0
2020-05-28,0.10142857142857142,0.13980106507689322,,,
2020-05-29,0.10428571428571429,0.14684979168670237,0.0,1.0,0.0
2020-05-30,0.10714285714285714,0.15248504618726996,0.25,0.75,0.0
2020-05-31,0.11,0.15868637352038184,0.0,1.0,0.0
2020-06-01,0.10857142857142858,0.15792120435757928,0.25,0.75,0.0
2020-06-02,0.10714285714285714,0.16310636882707003,0.4,0.6,0.0
2020-06-03,0.1057142857142857,0.1588704340586731,0.5,0.5,0.0
2020-06-04,0.10428571428571429,0.1614437149279384,0.6666666666666666,0.3333333333333333,0.0
2020-06-05,0.10285714285714287,0.161999334198478,0.5,0.5,0.0
2020-06-06,0.10142857142857142,0.160720620652398,0.0,1.0,0.0
2020-06-07,0.1,0.16026281284190616,0.0,0.5,0.5
2020-06-08,0.09857142857142857,0.16224668171508094,0.6666666666666666,0.3333333333333333,0.0
2020-06-09,0.09714285714285714,0.1623707322169268,0.0,1.0,0.0
2020-06-10,0.09571428571428571,0.16310843433902264,0.6666666666666666,0.3333333333333333,0.0
2020-06-11,0.09428571428571429,0.16273419925855326,1.0,0.0,0.0
2020-06-12,0.09285714285714286,0.1569973015471759,0.75,0.0,0.25
2020-06-13,0.09142857142857143,0.15828889099868326,0.0,1.0,0.0
2020-06-14,0.09,0.15810364332685997,0.3333333333333333,0.6666666666666666,0.0
2020-06-15,0.09,0.15248361995669002,0.6,0.3,0.09999999999999999
2020-06-16,0.09,0.1553630699177236,1.0,0.0,0.0
2020-06-17,0.09,0.15561868755372163,0.3333333333333333,0.3333333333333333,0.3333333333333333
2020-06-18,0.09,0.15498064146825688,0.3333333333333333,0.6666666666666666,0.0
2020-06-19,0.09,0.15287840230308286,0.8,0.2,0.0
2020-06-20,0.09,0.15283084102638692,0.4,0.4,0.2
2020-06-21,0.09,0.15378863958491268,0.2,0.4,0.4
2020-06-22,0.09,0.15691536503985118,0.8,0.0,0.2
2020-06-23,0.09,0.16162671322918054,0.5,0.25,0.25
2020-06-24,0.09,0.16102551800857606,0.0,1.0,0.0
2020-06-25,0.09,0.1558888845753074,0.0,0.0,1.0
2020-06-26,0.09,0.15474464622590564,0.6666666666666666,0.0,0.3333333333333333
2020-06-27,0.09,0.15306032661694507,1.0,0.0,0.0
2020-06-28,0.09,0.14917178246194496,0.5,0.0,0.5
2020-06-29,0.09,0.1500451123357281,0.5,0.3333333333333333,0.16666666666666666
2020-06-30,0.09,0.15152467210162612,0.3333333333333333,0.3333333333333333,0.3333333333333333
2020-07-01,0.09,0.15207989684809384,0.2857142857142857,0.7142857142857143,0.0
2020-07-02,0.09,0.1531414933450032,0.75,0.25,0.0
2020-07-03,0.09,0.15167947206878704,1.0,0.0,0.0
2020-07-04,0.09,0.1509440063524692,0.6666666666666666,0.3333333333333333,0.0
2020-07-05,0.09,0.15119223839457935,0.5,0.5,0.0
2020-07-06,0.09,0.1548773363901909,0.8333333333333334,0.0,0.16666666666666666
2020-07-07,0.09,0.15854742538203623,0.3333333333333333,0.3333333333333333,0.3333333333333333
2020-07-08,0.09,0.16141508785418154,1.0,0.0,0.0
2020-07-09,0.09,0.16317909265813316,0.5,0.5,0.0
2020-07-10,0.09,0.16292050365048877,0.5714285714285714,0.2857142857142857,0.14285714285714285
2020-07-11,0.09,0.1599332071620131,0.5,0.5,0.0
2020-07-12,0.09,0.1599615676366893,1.0,0.0,0.0
2020-07-13,0.09571428571428571,0.16125234040193204,0.5,0.3333333333333333,0.16666666666666666
2020-07-14,0.10142857142857142,0.15944395209096401,1.0,0.0,0.0
2020-07-15,0.10714285714285714,0.15963561399208168,0.8,0.2,0.0
2020-07-16,0.11285714285714285,0.15511749287914794,0.7142857142857143,0.2857142857142857,0.0
2020-07-17,0.11857142857142858,0.15354944282540128,0.0,0.6666666666666666,0.3333333333333333
2020-07-18,0.12428571428571429,0.16726978088889785,0.0,1.0,0.0
2020-07-19,0.13,0.16932679009814305,0.0,1.0,0.0
2020-07-20,0.1457142857142857,0.1596796250198068,0.5,0.5,0.0
2020-07-21,0.16142857142857142,0.16041912530744054,0.625,0.375,0.0
2020-07-22,0.17714285714285716,0.1628025702663864,0.5,0.0,0.5
2020-07-23,0.19285714285714284,0.17787058281761176,0.8,0.2,0.0
2020-07-24,0.20857142857142857,0.1831511082007544,0.6,0.4,0.0
2020-07-25,0.2242857142857143,0.19006748577336574,0.0,1.0,0.0
2020-07-26,0.24,0.2040353652112798,0.5,0.5,0.0
2020-07-27,0.24,0.21386041456076896,0.6,0.4,0.0
2020-07-28,0.24,0.21226237150437732,0.0,1.0,0.0
2020-07-29,0.24,0.23306780132787908,0.75,0.25,0.0
2020-07-30,0.24,0.22539172164512294,0.5,0.5,0.0
2020-07-31,0.24,0.2285636001977022,0.5,0.5,0.0
2020-08-01,0.24,0.25407004342269596,0.6,0.4,0.0
2020-08-02,0.24,0.248884525203844,0.5,0.5,0.0
2020-08-03,0.23428571428571426,0.24919811016368779,0.6666666666666666,0.16666666666666666,0.16666666666666666
2020-08-04,0.22857142857142856,0.25676643298016827,0.8571428571428571,0.14285714285714285,0.0
2020-08-05,0.22285714285714284,0.26171663317457566,0.4,0.4,0.2
2020-08-06,0.21714285714285717,0.2617823121676635,0.6666666666666666,0.3333333333333333,0.0
2020-08-07,0.2114285714285714,0.2601282111990194,0.8,0.0,0.2
2020-08-08,0.20571428571428574,0.2529776909494569,0.375,0.5,0.125
2020-08-09,0.2,0.26155428695399013,0.0,1.0,0.0
2020-08-10,0.19571428571428573,0.2658415615732325,0.4285714285714285,0.2857142857142857,0.2857142857142857
2020-08-11,0.19142857142857142,0.26701836957390623,0.0,1.0,0.0
2020-08-12,0.18714285714285717,0.2551891141595914,0.3333333333333333,0.6666666666666666,0.0
2020-08-13,0.18285714285714286,0.26100013105267,0.5714285714285714,0.2857142857142857,0.14285714285714285
2020-08-14,0.17857142857142858,0.2832411149861877,0.8571428571428571,0.14285714285714285,0.0
2020-08-15,0.1742857142857143,0.2847997513239512,0.6,0.2,0.2
2020-08-16,0.17,0.28141130448414575,0.3333333333333333,0.3333333333333333,0.3333333333333333
2020-08-17,0.16285714285714284,0.28422273152878164,0.25,0.75,0.0
2020-08-18,0.15571428571428572,0.2850212340187767,0.3333333333333333,0.5,0.16666666666666666
2020-08-19,0.14857142857142858,0.2785492355874561,0.6666666666666666,0.3333333333333333,0.0
2020-08-20,0.14142857142857143,0.27327242049800665,0.6666666666666666,0.3333333333333333,0.0
2020-08-21,0.13428571428571429,0.2733853984103202,0.2,0.6,0.2
2020-08-22,0.12714285714285714,0.25931948525654364,0.0,1.0,0.0
2020-08-23,0.12,0.2600185234996162,0.6,0.4,0.0
2020-08-24,0.1285714285714286,0.26421983754389633,0.5,0.0,0.5
2020-08-25,0.13714285714285712,0.2640639798528219,0.5,0.5,0.0
2020-08-26,0.1457142857142857,0.25773835952475704,0.0,0.75,0.25
2020-08-27,0.15428571428571428,0.25735765916774955,0.42857142857142855,0.42857142857142855,0.14285714285714285
2020-08-28,0.16285714285714284,0.2593355493818769,0.5,0.3333333333333333,0.16666666666666666
2020-08-29,0.17142857142857143,0.26630935443887693,0.4,0.6,0.0
2020-08-30,0.18,0.27704814164027963,0.16666666666666666,0.8333333333333334,0.0
2020-08-31,0.17285714285714285,0.2858412408204854,0.5,0.3333333333333333,0.16666666666666666
2020-09-01,0.16571428571428573,0.30473440706569244,0.6363636363636364,0.36363636363636365,0.0
2020-09-02,0.15857142857142859,0.30604893903705,0.5,0.3333333333333333,0.16666666666666666
2020-09-03,0.1514285714285714,0.2863740810506796,0.8,0.2,0.0
2020-09-04,0.1442857142857143,0.2623998838563223,,,
2020-09-05,0.13714285714285715,0.24929244027311653,0.0,1.0,0.0
2020-09-06,0.13,0.22901385647173989,0.3333333333333333,0.6666666666666666,0.0
2020-09-07,0.1285714285714286,0.2318015415756927,0.5,0.5,0.0
2020-09-08,0.12714285714285714,0.23076368777537198,0.0,1.0,0.0
2020-09-09,0.12571428571428572,0.23016792167316089,0.6666666666666666,0.0,0.3333333333333333
2020-09-10,0.12428571428571429,0.2452336753263429,0.5,0.5,0.0
2020-09-11,0.12285714285714286,0.24524944043648217,0.25,0.625,0.125
2020-09-12,0.12142857142857143,0.24973144454096777,0.0,1.0,0.0
2020-09-13,0.12,0.25272655783650727,0.0,1.0,0.0
2020-09-14,0.11857142857142858,0.24807173780719077,0.5714285714285714,0.42857142857142855,0.0
2020-09-15,0.11714285714285713,0.2495772273412589,0.4,0.4,0.2
2020-09-16,0.11571428571428571,0.24415294597657738,0.7777777777777778,0.2222222222222222,0.0
2020-09-17,0.11428571428571428,0.25167894611669245,0.8333333333333334,0.16666666666666666,0.0
2020-09-18,0.11285714285714286,0.26208597661415206,0.5714285714285714,0.42857142857142855,0.0
2020-09-19,0.11142857142857142,0.2564222736268447,0.5,0.3333333333333333,0.16666666666666666
2020-09-20,0.11,0.2540100783062764,0.4,0.6,0.0
2020-09-21,0.10714285714285714,0.24251865261095468,1.0,0.0,0.0
2020-09-22,0.10428571428571429,0.2305913175235662,0.75,0.25,0.0
2020-09-23,0.10142857142857142,0.22767724542825574,0.7142857142857143,0.2857142857142857,0.0
2020-09-24,0.09857142857142857,0.22186301289296917,0.5,0.375,0.125
2020-09-25,0.09571428571428571,0.23095265192830094,0.5555555555555556,0.3333333333333333,0.1111111111111111
2020-09-26,0.09285714285714286,0.23587093584486718,0.5,0.5,0.0
2020-09-27,0.09,0.23720381946719346,0.25,0.5,0.25
2020-09-28,0.08857142857142858,0.2404658391518026,0.0,0.8,0.2
2020-09-29,0.08714285714285713,0.23877603767847896,0.5714285714285714,0.2857142857142857,0.14285714285714285
2020-09-30,0.08571428571428572,0.23916544197208403,0.75,0.25,0.0
2020-10-01,0.08428571428571428,0.2413809766910471,0.42857142857142855,0.5714285714285714,0.0
2020-10-02,0.08285714285714287,0.23262199752897417,0.25,0.75,0.0
2020-10-03,0.08142857142857142,0.23063288277396687,0.2,0.6,0.2
2020-10-04,0.08,0.23197379026839962,0.14285714285714285,0.8571428571428571,0.0
2020-10-05,0.08142857142857142,0.2343070035343685,0.7272727272727273,0.18181818181818182,0.09090909090909091
2020-10-06,0.08285714285714287,0.23375780100707338,0.3333333333333333,0.6666666666666666,0.0
2020-10-07,0.08428571428571428,0.22694202067245497,0.5384615384615384,0.46153846153846156,0.0
2020-10-08,0.08571428571428572,0.2262640349111332,0.5,0.375,0.125
2020-10-09,0.08714285714285713,0.23470397913958102,0.14285714285714285,0.8571428571428571,0.0
2020-10-10,0.08857142857142858,0.24609335177133304,0.5714285714285714,0.2857142857142857,0.14285714285714285
2020-10-11,0.09,0.24910663921919518,0.3333333333333333,0.6666666666666666,0.0
2020-10-12,0.09142857142857143,0.2505469096493589,0.5,0.3,0.2
2020-10-13,0.09285714285714286,0.2549243076641495,0.6,0.4,0.0
2020-10-14,0.09428571428571429,0.2539171563759317,0.625,0.25,0.125
2020-10-15,0.09571428571428571,0.2512532873748083,0.25,0.75,0.0
2020-10-16,0.09714285714285714,0.24765141252992479,0.75,0.25,0.0
2020-10-17,0.09857142857142857,0.24479128797675268,0.0,1.0,0.0
2020-10-18,0.1,0.24801953454997888,0.6,0.4,0.0
2020-10-19,0.10142857142857142,0.2515440010545728,0.42857142857142855,0.14285714285714285,0.42857142857142855
2020-10-20,0.10285714285714287,0.2500539594525915,0.46153846153846156,0.46153846153846156,0.07692307692307693
2020-10-21,0.10428571428571429,0.25464381656382545,0.7,0.19999999999999998,0.09999999999999999
2020-10-22,0.1057142857142857,0.26907364157072255,0.6,0.4,0.0
2020-10-23,0.10714285714285714,0.275753245146689,0.5714285714285714,0.42857142857142855,0.0
2020-10-24,0.10857142857142858,0.2747496622857139,0.4,0.6,0.0
2020-10-25,0.11,0.2732376765686526,0.4,0.6,0.0
2020-10-26,0.11142857142857142,0.2687276943829128,0.6,0.2,0.2
2020-10-27,0.11285714285714286,0.2654559477545659,0.6,0.4,0.0
2020-10-28,0.11428571428571428,0.2641348323304613,1.0,0.0,0.0
2020-10-29,0.11571428571428571,0.25910989935535544,0.5,0.5,0.0
2020-10-30,0.11714285714285713,0.2552029758307239,0.5333333333333333,0.4,0.06666666666666667
2020-10-31,0.11857142857142858,0.2576913222964353,0.7142857142857143,0.2857142857142857,0.0
2020-11-01,0.12,0.25867865991405026,0.8333333333333334,0.0,0.16666666666666666
2020-11-02,0.12285714285714286,0.2653741049952915,0.3333333333333333,0.5555555555555556,0.1111111111111111
2020-11-03,0.12571428571428572,0.2548759620772027,0.8,0.1,0.1
2020-11-04,0.1285714285714286,0.2580912445872826,0.5555555555555556,0.1111111111111111,0.3333333333333333
2020-11-05,0.13142857142857142,0.27045750464489104,0.3333333333333333,0.3333333333333333,0.3333333333333333
2020-11-06,0.13428571428571429,0.28922982625276544,0.75,0.25,0.0
2020-11-07,0.13714285714285712,0.30267964006742726,0.6666666666666666,0.3333333333333333,0.0
2020-11-08,0.14,0.2952501174793768,0.5,0.5,0.0
2020-11-09,0.1457142857142857,0.299537786292266,0.25,0.5,0.25
2020-11-10,0.1514285714285714,0.2983217013055808,0.5,0.3333333333333333,0.16666666666666666
2020-11-11,0.15714285714285714,0.30684806536579806,0.625,0.125,0.25
2020-11-12,0.16285714285714284,0.30662247175244256,0.5,0.5,0.0
2020-11-13,0.16857142857142857,0.30931085368079303,0.5454545454545454,0.36363636363636365,0.09090909090909091
2020-11-14,0.17428571428571427,0.3092780885503352,0.5714285714285714,0.14285714285714285,0.2857142857142857
2020-11-15,0.18,0.30435554656125596,0.6666666666666666,0.3333333333333333,0.0
2020-11-16,0.19428571428571428,0.30144318031834394,0.5714285714285714,0.42857142857142855,0.0
2020-11-17,0.20857142857142857,0.31195949244119064,0.8181818181818182,0.18181818181818182,0.0
2020-11-18,0.22285714285714284,0.31862396046589214,0.6666666666666666,0.3333333333333333,0.0
2020-11-19,0.23714285714285716,0.31659139260227565,0.5,0.3333333333333333,0.16666666666666666
2020-11-20,0.25142857142857145,0.32858047563928333,0.6666666666666666,0.11111111111111109,0.22222222222222218
2020-11-21,0.2657142857142857,0.3459335680015963,0.7142857142857143,0.14285714285714285,0.14285714285714285
2020-11-22,0.28,0.3625679444386336,1.0,0.0,0.0
2020-11-23,0.2714285714285714,0.3881191683118955,0.8333333333333334,0.16666666666666666,0.0
2020-11-24,0.26285714285714284,0.40523336110393415,0.3,0.5,0.2
2020-11-25,0.2542857142857143,0.39674552301998,0.5714285714285714,0.14285714285714285,0.2857142857142857
2020-11-26,0.24571428571428572,0.35174915175275145,0.5555555555555556,0.2222222222222222,0.2222222222222222
2020-11-27,0.23714285714285716,0.34329799035441844,0.6923076923076923,0.23076923076923078,0.07692307692307693
2020-11-28,0.22857142857142856,0.3480926823695727,0.8,0.2,0.0
2020-11-29,0.22,0.36443705479828037,0.7142857142857143,0.2857142857142857,0.0
2020-11-30,0.21,0.3924771217180042,0.75,0.25,0.0
2020-12-01,0.2,0.4032756757414923,0.8461538461538461,0.15384615384615385,0.0
2020-12-02,0.19,0.3949242555506729,0.7333333333333333,0.2,0.06666666666666667
2020-12-03,0.18,0.4025044386472087,0.625,0.375,0.0
2020-12-04,0.17,0.40101194831349,0.75,0.0,0.25
2020-12-05,0.16,0.3903188336656255,0.4444444444444444,0.2222222222222222,0.3333333333333333
2020-12-06,0.15,0.3970579641956658,0.8571428571428571,0.14285714285714285,0.0
2020-12-07,0.15857142857142859,0.3968217790621192,0.7692307692307693,0.07692307692307693,0.15384615384615385
2020-12-08,0.16714285714285715,0.38826277357676364,0.5833333333333334,0.25,0.16666666666666666
2020-12-09,0.17571428571428568,0.3717930830862066,0.6,0.1,0.3
2020-12-10,0.18428571428571427,0.3758724342418184,0.9,0.1,0.0
2020-12-11,0.19285714285714284,0.365273536417744,1.0,0.0,0.0
2020-12-12,0.20142857142857143,0.37077940345009186,0.8,0.0,0.2
2020-12-13,0.21,0.3857774788554854,0.5714285714285714,0.14285714285714285,0.2857142857142857
2020-12-14,0.21285714285714286,0.38996094307484674,0.5555555555555556,0.3333333333333333,0.1111111111111111
2020-12-15,0.21571428571428572,0.39110855401445305,0.625,0.375,0.0
2020-12-16,0.21857142857142858,0.39863075159357536,0.5,0.08333333333333333,0.4166666666666667
2020-12-17,0.22142857142857142,0.432735903733787,0.21428571428571427,0.42857142857142855,0.35714285714285715
2020-12-18,0.22428571428571428,0.4300726766309383,0.6,0.1,0.3
2020-12-19,0.22714285714285715,0.43681602353072563,0.375,0.25,0.375
2020-12-20,0.23,0.4347766634546261,0.6666666666666666,0.11111111111111109,0.22222222222222218
2020-12-21,0.25285714285714284,0.4181428264676133,0.9166666666666666,0.0,0.08333333333333333
2020-12-22,0.2757142857142857,0.4084700286420674,0.2857142857142857,0.4285714285714285,0.2857142857142857
2020-12-23,0.2985714285714286,0.41050339385524126,0.6153846153846154,0.23076923076923078,0.15384615384615385
2020-12-24,0.3214285714285714,0.389721150782501,0.6,0.4,0.0
2020-12-25,0.3442857142857143,0.41050474576701684,0.8333333333333334,0.16666666666666666,0.0
2020-12-26,0.36714285714285716,0.4192381402729862,0.5454545454545454,0.0,0.45454545454545453
2020-12-27,0.39,0.43754592484750066,0.5,0.1,0.4
2020-12-28,0.47714285714285715,0.47888877957355064,0.5,0.25,0.25
2020-12-29,0.5642857142857143,0.479355151419003,0.46153846153846156,0.15384615384615385,0.38461538461538464
2020-12-30,0.6514285714285714,0.4885257009917018,0.3,0.3,0.4
2020-12-31,0.7385714285714287,0.49475651512546587,0.7272727272727273,0.09090909090909091,0.18181818181818182
2021-01-01,0.8257142857142857,0.49209517033340566,1.0,0.0,0.0
